{"ensemble":{"time":12.650156208,"f1_score":99.98232528544665,"memory":10.0625,"accuracy":99.97795608852836,"precision":100.0,"recall":99.96465681769988,"cpu_usage":105.19980766390866}}