{
    "drift_points_detected": 0,
    "f1_score": 0.9998232528544665,
    "precision": 1.0,
    "model_weights": {
        "XGB": 0.2556190919042577,
        "SVM": 0.24927217559821413,
        "LR": 0.23947813053600264,
        "RF": 0.2556306019615253
    },
    "accuracy": 0.9997795608852835,
    "recall": 0.9996465681769987,
    "execution_time": 25.36683925,
    "memory_usage": 1.7592186044397672e13,
    "cpu_time": 26.170275,
    "efficiency_score": 3.9412855146519035,
    "timestamp": "2025-03-13T12:29:59.169"
}
